id,first_name,last_name,email,gender,ip_address
1,Bernarr,Fish,bfish0@soundcloud.com,Male,56.147.82.124
2,Rori,Spours,rspours1@amazon.co.jp,Female,249.21.139.78
3,Veda,Cavil,vcavil2@dropbox.com,Female,99.51.244.236
4,Wade,Trembley,wtrembley3@geocities.jp,Male,219.164.240.29
5,Brenda,Tynemouth,btynemouth4@mozilla.com,Male,168.79.26.126
6,Aline,Ceschelli,aceschelli5@smh.com.au,Male,53.225.239.225
7,Etta,Palley,epalley6@scribd.com,Genderqueer,177.148.129.32
8,Eden,Beer,ebeer7@blogger.com,Male,201.124.91.94
9,Mike,Whitesel,mwhitesel8@apple.com,Male,239.241.61.207
10,Fernande,Pietroni,fpietroni9@vinaora.com,Female,121.172.172.39
11,Kile,Grumley,kgrumleya@ehow.com,Male,138.141.123.189
12,Janith,Kearn,jkearnb@scientificamerican.com,Female,69.134.214.15
13,Hedwiga,Ketteridge,hketteridgec@mysql.com,Male,252.245.132.15
14,Chloris,Strutton,cstruttond@elpais.com,Non-binary,167.159.23.62
15,Sherwood,Twinterman,stwintermane@comsenz.com,Female,159.14.5.7
16,Susanetta,Barkhouse,sbarkhousef@sun.com,Male,65.80.143.77
17,Mikael,Trow,mtrowg@gov.uk,Male,19.252.104.117
18,Aguie,De Laspee,adelaspeeh@list-manage.com,Female,107.136.148.172
19,Philippe,Ellgood,pellgoodi@naver.com,Male,200.179.81.58
20,Bronnie,Borrett,bborrettj@cloudflare.com,Female,86.116.114.9
21,Karola,Robker,krobkerk@is.gd,Genderfluid,177.227.116.13
22,Salim,Buff,sbuffl@istockphoto.com,Female,188.219.58.189
23,Wileen,Thomasson,wthomassonm@bravesites.com,Female,61.83.18.236
24,Skippie,Ditty,sdittyn@g.co,Polygender,92.154.235.54
25,Kerrin,Doumenc,kdoumenco@craigslist.org,Male,31.145.18.95
26,Werner,Hubbocks,whubbocksp@flavors.me,Male,195.104.16.59
27,Manya,McKiernan,mmckiernanq@washingtonpost.com,Male,245.34.175.230
28,Lura,Stote,lstoter@ustream.tv,Polygender,5.189.111.228
29,Tim,Garbutt,tgarbutts@weather.com,Male,136.234.207.218
30,Rowney,Kubis,rkubist@nationalgeographic.com,Male,253.87.208.218
31,Wilmette,Woodwin,wwoodwinu@bloomberg.com,Female,220.15.104.183
32,Amos,Fessions,afessionsv@multiply.com,Male,221.150.6.169
33,Verina,Corradengo,vcorradengow@google.pl,Female,210.97.155.33
34,Vernor,Sawter,vsawterx@parallels.com,Female,131.249.48.57
35,Crosby,Trewhella,ctrewhellay@shinystat.com,Male,155.58.100.128
36,Roselia,Twomey,rtwomeyz@nymag.com,Male,130.191.172.230
37,Erskine,Hinder,ehinder10@upenn.edu,Male,215.98.9.68
38,Ariel,Thomazet,athomazet11@economist.com,Female,238.130.118.48
39,Terri-jo,Jack,tjack12@infoseek.co.jp,Female,91.119.58.75
40,Efrem,Allcoat,eallcoat13@berkeley.edu,Male,244.109.86.127
41,Trumaine,Seiller,tseiller14@hao123.com,Polygender,148.210.253.55
42,Aloin,Fosken,afosken15@telegraph.co.uk,Female,121.100.185.20
43,Cherin,Bugbee,cbugbee16@stumbleupon.com,Male,68.172.165.222
44,Stevena,Biddulph,sbiddulph17@cafepress.com,Genderqueer,99.212.125.78
45,Findley,Klos,fklos18@google.com,Male,132.125.86.204
46,Linet,Albrooke,lalbrooke19@aboutads.info,Male,184.84.78.92
47,Justin,Reichelt,jreichelt1a@mac.com,Female,59.24.40.153
48,Kial,Heinreich,kheinreich1b@icq.com,Male,230.254.240.10
49,Sig,Laughrey,slaughrey1c@princeton.edu,Female,121.165.191.72
50,Pren,Beebis,pbeebis1d@wikipedia.org,Female,163.239.208.113
51,Adlai,Geffcock,ageffcock1e@forbes.com,Female,102.210.251.241
52,Duffy,Reubel,dreubel1f@blogger.com,Female,109.1.124.177
53,Bud,Mawtus,bmawtus1g@discuz.net,Female,64.55.202.240
54,Winnifred,Chestnut,wchestnut1h@columbia.edu,Male,65.145.65.184
55,Mela,Sedgemore,msedgemore1i@usda.gov,Female,66.126.227.245
56,Marj,Evitt,mevitt1j@weebly.com,Female,62.41.194.55
57,Loy,Millott,lmillott1k@vimeo.com,Male,115.215.208.171
58,Alice,Gregh,agregh1l@huffingtonpost.com,Male,133.107.172.154
59,Harley,Astridge,hastridge1m@de.vu,Male,121.174.236.170
60,Abie,Hugonet,ahugonet1n@google.com.br,Male,101.254.6.109
61,Lucy,Aujouanet,laujouanet1o@biglobe.ne.jp,Female,30.56.246.167
62,Chandra,Conradie,cconradie1p@squarespace.com,Female,20.214.254.41
63,Eldon,Rotge,erotge1q@angelfire.com,Female,107.85.254.1
64,Dominic,Gilardone,dgilardone1r@who.int,Agender,253.166.9.131
65,Hilario,Keune,hkeune1s@networksolutions.com,Male,107.163.185.196
66,Easter,Calton,ecalton1t@woothemes.com,Male,65.146.75.232
67,Bartholomew,Scrivener,bscrivener1u@e-recht24.de,Male,26.239.0.4
68,Shelley,Mularkey,smularkey1v@time.com,Male,209.221.61.247
69,Ewart,Mansbridge,emansbridge1w@baidu.com,Male,97.38.22.171
70,Daryle,Volett,dvolett1x@wikia.com,Female,200.188.79.196
71,Trefor,Benyon,tbenyon1y@sitemeter.com,Female,202.142.126.30
72,Wolf,Kingston,wkingston1z@ebay.com,Male,111.108.6.142
73,Elliott,Dodle,edodle20@php.net,Non-binary,20.188.56.42
74,Kerrie,Findon,kfindon21@wunderground.com,Male,5.137.93.98
75,Jocelyn,Dumpleton,jdumpleton22@berkeley.edu,Male,172.244.187.34
76,Vassily,Digginson,vdigginson23@whitehouse.gov,Male,47.234.25.32
77,Laraine,Pillinger,lpillinger24@ameblo.jp,Male,201.112.223.135
78,Morganica,Ricciardi,mricciardi25@spiegel.de,Female,201.102.159.59
79,Iggy,Ochterlony,iochterlony26@hao123.com,Male,65.101.18.68
80,Penny,Stuer,pstuer27@example.com,Male,222.206.96.110
81,Persis,Rylett,prylett28@about.me,Male,65.250.55.222
82,Oberon,Figin,ofigin29@epa.gov,Female,55.168.242.41
83,Jewelle,Weldrick,jweldrick2a@comcast.net,Male,116.87.197.127
84,Gauthier,Bartol,gbartol2b@yelp.com,Female,242.222.199.135
85,Ozzy,Bilsford,obilsford2c@histats.com,Male,195.22.178.50
86,Gillan,Olesen,golesen2d@engadget.com,Male,96.70.73.181
87,Susette,Morcomb,smorcomb2e@weebly.com,Female,113.32.39.3
88,Kelsey,Snailham,ksnailham2f@unesco.org,Male,98.216.247.52
89,Gloriana,Muldoon,gmuldoon2g@accuweather.com,Non-binary,89.248.37.204
90,Berty,Mandrake,bmandrake2h@slate.com,Female,104.193.251.162
91,Emeline,Cullin,ecullin2i@sitemeter.com,Male,238.129.248.1
92,Wiatt,Ollcott,wollcott2j@wunderground.com,Female,118.244.188.22
93,Baillie,Pointon,bpointon2k@usgs.gov,Female,96.37.1.23
94,Annemarie,Rallinshaw,arallinshaw2l@tinypic.com,Female,10.118.187.143
95,Joseph,Burditt,jburditt2m@netscape.com,Female,150.109.244.79
96,Josefina,Budd,jbudd2n@ow.ly,Male,255.183.64.43
97,Mollee,Sutty,msutty2o@1688.com,Female,249.13.194.116
98,Alisun,Colebeck,acolebeck2p@yahoo.com,Female,58.2.187.111
99,Karlik,Antonchik,kantonchik2q@themeforest.net,Non-binary,17.241.20.186
100,Dulce,Robet,drobet2r@creativecommons.org,Female,227.121.1.76
101,Launce,Glenister,lglenister2s@shinystat.com,Male,121.201.246.154
102,Andra,Lealle,alealle2t@flickr.com,Male,209.159.220.73
103,Bary,Lowten,blowten2u@ifeng.com,Non-binary,115.83.99.209
104,Sydney,Casley,scasley2v@freewebs.com,Female,46.102.17.80
105,Blake,Crudge,bcrudge2w@cdc.gov,Male,173.50.179.228
106,Grazia,Brameld,gbrameld2x@xrea.com,Male,54.121.121.145
107,Ranique,Hoyland,rhoyland2y@odnoklassniki.ru,Male,193.17.100.215
108,Odelia,Pridden,opridden2z@4shared.com,Male,163.53.72.247
109,Tabb,Selwin,tselwin30@answers.com,Male,247.142.169.230
110,Husein,Pauncefoot,hpauncefoot31@google.com.au,Male,126.201.147.243
111,Renae,Fearnehough,rfearnehough32@sina.com.cn,Male,90.28.106.97
112,Priscella,Shimwall,pshimwall33@google.cn,Male,239.68.244.243
113,Othello,McNuff,omcnuff34@umn.edu,Female,30.79.254.133
114,Bendix,Goncaves,bgoncaves35@yandex.ru,Female,100.103.130.2
115,Jimmie,Wolvey,jwolvey36@independent.co.uk,Genderqueer,221.169.248.172
116,Brittaney,Sunley,bsunley37@istockphoto.com,Female,250.86.49.204
117,Rozella,Adamiec,radamiec38@skype.com,Female,152.231.201.240
118,Cristina,Dybald,cdybald39@newyorker.com,Female,126.92.102.209
119,Rose,Ricardot,rricardot3a@bluehost.com,Male,204.145.10.250
120,Arnie,Tegeller,ategeller3b@japanpost.jp,Male,23.16.65.95
121,Felipe,Eastmond,feastmond3c@artisteer.com,Female,105.221.27.150
122,Zorah,Kellert,zkellert3d@cdbaby.com,Male,48.146.40.188
123,Lia,Sedgeman,lsedgeman3e@xinhuanet.com,Male,27.56.120.181
124,Nicolais,Walklate,nwalklate3f@wordpress.org,Female,195.225.94.130
125,Dalton,Minihane,dminihane3g@reverbnation.com,Female,61.207.137.98
126,Josias,Glowinski,jglowinski3h@indiegogo.com,Female,215.28.115.91
127,Debera,Fosse,dfosse3i@ocn.ne.jp,Female,204.181.244.161
128,Maxie,Sawden,msawden3j@ustream.tv,Non-binary,228.121.45.57
129,Virgilio,Drowsfield,vdrowsfield3k@berkeley.edu,Polygender,171.104.55.247
130,Kelbee,Shenton,kshenton3l@ehow.com,Male,49.162.21.87
131,Taber,MacGhee,tmacghee3m@sphinn.com,Female,67.223.85.198
132,Hulda,Row,hrow3n@ameblo.jp,Female,154.193.78.128
133,Chelsey,Splevin,csplevin3o@mac.com,Male,111.252.209.165
134,Tamiko,Mallett,tmallett3p@webs.com,Female,100.72.215.215
135,Blinnie,Lawtey,blawtey3q@imgur.com,Female,105.206.232.118
136,Ynes,Durdan,ydurdan3r@independent.co.uk,Genderfluid,134.210.165.18
137,Yulma,Ferrea,yferrea3s@theatlantic.com,Non-binary,168.52.176.100
138,Nadia,Tanfield,ntanfield3t@artisteer.com,Female,1.20.41.137
139,Marthe,Meriot,mmeriot3u@vimeo.com,Female,161.60.61.37
140,Joela,Curnnok,jcurnnok3v@fda.gov,Male,129.112.2.233
141,Tracee,Andrichuk,tandrichuk3w@senate.gov,Male,249.12.14.169
142,Beverie,Rableau,brableau3x@hud.gov,Male,209.71.214.254
143,Bertina,Jeary,bjeary3y@economist.com,Genderfluid,148.91.45.228
144,Cynthia,Reck,creck3z@wunderground.com,Male,247.131.252.21
145,Jarrad,MacGinney,jmacginney40@statcounter.com,Male,144.71.194.252
146,Simonette,Zanassi,szanassi41@gov.uk,Female,63.237.136.6
147,Jyoti,Baignard,jbaignard42@printfriendly.com,Male,37.78.59.12
148,Carena,Ranken,cranken43@netscape.com,Female,42.61.33.32
149,April,Poker,apoker44@freewebs.com,Male,37.146.38.136
150,Beverlie,Foan,bfoan45@pbs.org,Female,57.218.57.218
151,Tabby,Chaffe,tchaffe46@themeforest.net,Male,237.255.234.32
152,Clarissa,Wigfield,cwigfield47@blogger.com,Female,10.180.60.235
153,Hilary,Courtin,hcourtin48@pen.io,Female,106.209.135.11
154,Glynda,Forestel,gforestel49@miibeian.gov.cn,Female,42.228.220.240
155,Seka,Dictus,sdictus4a@jimdo.com,Non-binary,65.148.204.148
156,Bruno,Ferrea,bferrea4b@jalbum.net,Male,166.22.116.69
157,Rutger,Farrants,rfarrants4c@nature.com,Male,115.104.113.142
158,Cele,Burdikin,cburdikin4d@shareasale.com,Female,105.169.142.91
159,Bobbie,Lennarde,blennarde4e@wikipedia.org,Female,138.149.190.184
160,Randal,Clemon,rclemon4f@meetup.com,Male,197.124.0.66
161,Hunter,Coalbran,hcoalbran4g@hugedomains.com,Male,181.181.93.0
162,Dianne,McGettigan,dmcgettigan4h@4shared.com,Male,53.211.34.200
163,Lelia,Pawel,lpawel4i@yelp.com,Male,248.83.42.5
164,Briney,Yearns,byearns4j@slate.com,Female,67.7.208.10
165,Gwen,Bransom,gbransom4k@instagram.com,Male,87.215.157.67
166,Barnett,D'Aulby,bdaulby4l@icq.com,Female,78.139.99.82
167,Penelopa,Schulken,pschulken4m@statcounter.com,Female,68.126.17.79
168,Rhea,Lince,rlince4n@seesaa.net,Female,115.63.59.166
169,Ernestine,Spoure,espoure4o@businessinsider.com,Female,68.130.173.255
170,Ranna,Skill,rskill4p@tinypic.com,Female,3.85.209.16
171,Melony,Kruszelnicki,mkruszelnicki4q@toplist.cz,Female,212.38.72.84
172,Murry,Medeway,mmedeway4r@examiner.com,Female,6.115.126.56
173,Brina,Tue,btue4s@de.vu,Female,80.148.150.174
174,Joly,Casier,jcasier4t@nhs.uk,Male,4.36.67.123
175,Breanne,De Bruijn,bdebruijn4u@foxnews.com,Male,219.15.237.221
176,Marlon,Robard,mrobard4v@github.com,Male,45.32.104.16
177,Joellyn,Hathorn,jhathorn4w@wordpress.org,Female,188.91.86.81
178,Caressa,Singleton,csingleton4x@archive.org,Male,250.136.103.199
179,Craggy,Treneman,ctreneman4y@canalblog.com,Male,190.225.238.186
180,Libbi,Pelling,lpelling4z@skype.com,Male,231.67.194.249
181,Rafe,Cops,rcops50@forbes.com,Male,251.230.229.2
182,Uta,Holleworth,uholleworth51@posterous.com,Female,119.250.77.57
183,Cart,Geffinger,cgeffinger52@adobe.com,Female,54.186.86.27
184,Timmy,Leroy,tleroy53@who.int,Male,159.214.206.150
185,Ettore,Thorneley,ethorneley54@merriam-webster.com,Male,243.46.68.31
186,Blayne,Baudone,bbaudone55@ebay.co.uk,Male,1.185.88.187
187,Brittany,Greally,bgreally56@google.co.jp,Male,95.122.219.202
188,Crosby,Halliday,challiday57@springer.com,Male,42.193.171.39
189,Jenn,Buggs,jbuggs58@wired.com,Female,155.14.143.49
190,Shani,Kopje,skopje59@wordpress.com,Male,36.210.5.70
191,Carlynn,Gouda,cgouda5a@friendfeed.com,Female,183.66.43.131
192,Maegan,Siviter,msiviter5b@stumbleupon.com,Male,151.97.67.164
193,Miles,Outerbridge,mouterbridge5c@patch.com,Male,73.33.35.240
194,Bert,Rickardsson,brickardsson5d@1und1.de,Female,183.236.166.246
195,Tamas,Lynthal,tlynthal5e@ameblo.jp,Female,216.52.173.95
196,Hamilton,O'Kielt,hokielt5f@lycos.com,Female,246.166.241.229
197,Babita,Martinho,bmartinho5g@privacy.gov.au,Male,95.61.107.98
198,Carlota,Gow,cgow5h@merriam-webster.com,Female,190.176.195.148
199,Kevina,Aupol,kaupol5i@examiner.com,Male,43.83.48.191
200,Rowen,Bence,rbence5j@illinois.edu,Female,220.168.252.17
201,Franky,Swettenham,fswettenham5k@dmoz.org,Polygender,188.242.229.250
202,Greg,Levens,glevens5l@google.es,Male,146.155.43.121
203,Nichole,Kiessel,nkiessel5m@mac.com,Female,219.143.154.3
204,Gavra,Harmson,gharmson5n@last.fm,Female,212.40.99.247
205,Baxter,Djekic,bdjekic5o@amazon.com,Female,36.234.153.166
206,Wain,Grimsdike,wgrimsdike5p@tmall.com,Female,133.78.228.62
207,Jackqueline,Tate,jtate5q@fc2.com,Female,109.5.100.55
208,Daffy,Calrow,dcalrow5r@nih.gov,Male,242.66.234.107
209,Benni,Allison,ballison5s@ehow.com,Female,170.33.143.28
210,Glory,Germaine,ggermaine5t@yale.edu,Male,220.244.112.9
211,Lyon,Muffen,lmuffen5u@wunderground.com,Female,17.95.11.174
212,Hiram,Richemond,hrichemond5v@dedecms.com,Female,201.244.83.126
213,Sybilla,Gatheridge,sgatheridge5w@elpais.com,Female,197.153.224.191
214,Arch,Lower,alower5x@domainmarket.com,Bigender,121.31.215.79
215,Shurlocke,Klausen,sklausen5y@nyu.edu,Female,34.26.102.208
216,Goddart,Bril,gbril5z@lycos.com,Female,255.64.28.196
217,Thurstan,Snoday,tsnoday60@ox.ac.uk,Female,237.68.22.126
218,Pedro,Sallans,psallans61@phoca.cz,Female,173.255.9.21
219,Gaylord,Harower,gharower62@unicef.org,Female,58.2.186.148
220,Hendrik,Monday,hmonday63@spiegel.de,Female,158.28.152.254
221,Eddi,Balas,ebalas64@google.com.au,Male,135.27.191.74
222,Dominica,Pauling,dpauling65@icq.com,Male,159.143.38.162
223,Valerie,Seller,vseller66@desdev.cn,Male,201.139.144.150
224,Tracie,Hackey,thackey67@ocn.ne.jp,Male,240.173.226.240
225,Pearle,Deave,pdeave68@webs.com,Male,20.35.241.131
226,Edvard,Wycherley,ewycherley69@rakuten.co.jp,Male,138.63.196.34
227,Kippie,Labram,klabram6a@google.com.br,Female,34.226.217.111
228,Arri,Sandal,asandal6b@yahoo.com,Male,211.118.209.30
229,Titus,Byrnes,tbyrnes6c@scientificamerican.com,Male,185.185.29.91
230,Vince,Pailin,vpailin6d@flavors.me,Female,207.37.162.123
231,Gracie,Berford,gberford6e@princeton.edu,Male,194.213.4.238
232,Trina,Mylechreest,tmylechreest6f@nsw.gov.au,Female,36.209.45.78
233,Trudey,McCandless,tmccandless6g@stumbleupon.com,Male,149.19.145.155
234,Viviyan,Lemerle,vlemerle6h@businessweek.com,Genderfluid,132.113.157.227
235,Fiorenze,Syseland,fsyseland6i@miibeian.gov.cn,Female,5.20.172.118
236,Cooper,Blaxton,cblaxton6j@hostgator.com,Male,204.35.91.130
237,Queenie,Van de Castele,qvandecastele6k@taobao.com,Male,227.73.62.209
238,Billye,Thibodeaux,bthibodeaux6l@dailymail.co.uk,Male,194.46.9.15
239,Star,Spavon,sspavon6m@slideshare.net,Female,26.93.213.106
240,Cosme,Van Ross,cvanross6n@weebly.com,Male,38.167.151.213
241,Honor,Oxbrough,hoxbrough6o@nytimes.com,Male,179.108.11.223
242,Aurore,Creeboe,acreeboe6p@intel.com,Female,249.184.199.177
243,Jeniece,Mahomet,jmahomet6q@usatoday.com,Female,15.155.182.163
244,Vinni,Younghusband,vyounghusband6r@cam.ac.uk,Polygender,7.47.111.90
245,Coraline,Rainon,crainon6s@guardian.co.uk,Female,5.90.220.121
246,Meredith,Kerby,mkerby6t@home.pl,Male,132.233.163.92
247,Lowell,Cadore,lcadore6u@vk.com,Male,255.65.202.167
248,Kimbell,Kieran,kkieran6v@pinterest.com,Bigender,248.230.191.126
249,Tim,Iwanczyk,tiwanczyk6w@mozilla.org,Female,223.177.6.181
250,Darwin,Jenkins,djenkins6x@japanpost.jp,Female,21.174.235.82
251,Muffin,Durtnal,mdurtnal6y@ifeng.com,Female,226.195.67.2
252,Cherida,Tithecott,ctithecott6z@vinaora.com,Female,211.177.168.201
253,Benny,Cops,bcops70@shop-pro.jp,Genderfluid,105.224.118.203
254,Dillie,Clubley,dclubley71@wunderground.com,Female,98.58.63.246
255,Paulette,Witherden,pwitherden72@kickstarter.com,Female,36.150.202.110
256,Dorris,Skate,dskate73@nationalgeographic.com,Male,223.38.142.191
257,Bogart,Lecount,blecount74@ebay.co.uk,Male,72.125.91.136
258,Arin,Doniso,adoniso75@google.ca,Female,26.58.166.116
259,Maggy,Strase,mstrase76@behance.net,Female,19.93.205.226
260,Janek,Bastide,jbastide77@webs.com,Male,217.26.72.92
261,Emma,Jarratt,ejarratt78@technorati.com,Male,114.55.58.197
262,Gisella,Barde,gbarde79@github.com,Bigender,213.1.1.73
263,Duncan,Delacroix,ddelacroix7a@skype.com,Female,94.65.37.68
264,Sherri,Caltun,scaltun7b@census.gov,Female,146.221.162.100
265,Winfred,Clayborn,wclayborn7c@multiply.com,Female,250.40.51.252
266,Conroy,Reddel,creddel7d@cnbc.com,Female,119.19.231.128
267,Cyrus,Oxberry,coxberry7e@sina.com.cn,Bigender,18.189.171.48
268,Pavel,Grigolli,pgrigolli7f@amazonaws.com,Male,220.93.14.136
269,Christiane,Powles,cpowles7g@wix.com,Male,179.194.114.193
270,Hilary,Wither,hwither7h@miibeian.gov.cn,Male,246.252.17.97
271,Dosi,Freckelton,dfreckelton7i@cbslocal.com,Female,113.10.7.99
272,Erinna,Murrey,emurrey7j@printfriendly.com,Female,195.214.106.172
273,Isobel,Brigge,ibrigge7k@yandex.ru,Female,204.235.106.46
274,Fabian,Syce,fsyce7l@xing.com,Female,111.206.161.102
275,Raviv,Clink,rclink7m@vinaora.com,Male,229.178.63.4
276,Jobie,Barthot,jbarthot7n@apple.com,Female,185.143.58.177
277,Travers,Laughtisse,tlaughtisse7o@google.ru,Male,53.25.72.214
278,Barry,MacGrath,bmacgrath7p@cisco.com,Polygender,91.16.212.110
279,Lebbie,Reilinger,lreilinger7q@bigcartel.com,Bigender,161.67.213.44
280,Fayina,Gregs,fgregs7r@reuters.com,Polygender,184.108.52.236
281,Ewan,Viner,eviner7s@comsenz.com,Female,100.230.138.74
282,Allistir,Hryncewicz,ahryncewicz7t@woothemes.com,Female,117.236.21.98
283,Chryste,Elfitt,celfitt7u@tamu.edu,Female,43.14.67.44
284,Viv,Gell,vgell7v@livejournal.com,Male,19.95.128.69
285,Byram,Brazier,bbrazier7w@hud.gov,Female,99.170.199.27
286,Georgiana,Jeacop,gjeacop7x@gov.uk,Male,250.146.227.121
287,Nichol,Cartmell,ncartmell7y@ovh.net,Male,166.89.17.41
288,Hyacinthia,Eliassen,heliassen7z@google.de,Female,137.15.101.85
289,Timmi,Sempill,tsempill80@digg.com,Female,70.159.238.11
290,Shirlene,Soars,ssoars81@scientificamerican.com,Female,104.203.243.154
291,Gualterio,Rassell,grassell82@flickr.com,Male,28.186.205.204
292,Suellen,Vitet,svitet83@wix.com,Male,180.190.163.83
293,Randie,D'Abbot-Doyle,rdabbotdoyle84@wikipedia.org,Female,132.55.168.91
294,Melvin,Watkin,mwatkin85@yahoo.co.jp,Non-binary,223.82.157.36
295,Petronella,Burleton,pburleton86@independent.co.uk,Female,246.249.63.159
296,Arlana,Corbet,acorbet87@ezinearticles.com,Female,111.67.22.205
297,Gaelan,Warwick,gwarwick88@xinhuanet.com,Female,60.228.75.242
298,Ashlen,Howcroft,ahowcroft89@4shared.com,Male,226.102.57.162
299,Terri,Myhan,tmyhan8a@sakura.ne.jp,Genderqueer,102.245.219.221
300,Padriac,Pleager,ppleager8b@imgur.com,Female,230.175.165.123
301,Wilhelm,Fanner,wfanner8c@printfriendly.com,Female,234.5.100.181
302,Lydie,Westfalen,lwestfalen8d@goodreads.com,Genderqueer,209.46.179.222
303,Thomas,Borchardt,tborchardt8e@wikimedia.org,Male,151.188.211.241
304,Phaedra,Cridlin,pcridlin8f@e-recht24.de,Female,213.173.135.143
305,Muffin,Stobie,mstobie8g@time.com,Male,176.165.110.115
306,Quincy,Bain,qbain8h@baidu.com,Female,8.40.178.228
307,Roobbie,Alldread,ralldread8i@php.net,Female,254.35.42.99
308,Albertine,Gillies,agillies8j@360.cn,Female,211.200.78.38
309,Damian,Burdytt,dburdytt8k@fotki.com,Male,145.42.118.103
310,Rogerio,McShirie,rmcshirie8l@pen.io,Male,97.90.75.32
311,Dinny,Forrest,dforrest8m@netscape.com,Male,43.150.99.148
312,Astrid,Lapree,alapree8n@addtoany.com,Male,17.229.207.188
313,Cheslie,Anthes,canthes8o@symantec.com,Female,70.186.46.41
314,Elnar,Lathwell,elathwell8p@ebay.com,Female,112.69.213.98
315,Stanly,Gresley,sgresley8q@google.pl,Female,91.38.156.143
316,Loella,Espada,lespada8r@histats.com,Female,91.177.250.190
317,Athena,Dew,adew8s@usgs.gov,Female,248.46.117.197
318,Ulrich,Tommasi,utommasi8t@paginegialle.it,Male,5.29.249.182
319,Elyssa,Kovalski,ekovalski8u@purevolume.com,Female,43.85.70.131
320,Rock,McFadin,rmcfadin8v@github.io,Female,161.207.125.49
321,Winny,Fernant,wfernant8w@dmoz.org,Male,109.209.253.34
322,Quintilla,Aleso,qaleso8x@parallels.com,Female,38.92.16.240
323,Danni,Tellenbrok,dtellenbrok8y@smugmug.com,Female,48.4.172.237
324,Bryn,Domanski,bdomanski8z@tinypic.com,Female,209.233.241.49
325,Reggis,Crumley,rcrumley90@squidoo.com,Polygender,89.99.24.4
326,Felipe,Bartolomeotti,fbartolomeotti91@google.co.uk,Male,38.123.161.41
327,Farris,Goodere,fgoodere92@qq.com,Female,19.73.111.233
328,Penny,Horbart,phorbart93@elegantthemes.com,Female,3.232.76.228
329,Staford,Ledgister,sledgister94@sciencedirect.com,Bigender,42.185.243.216
330,Mandie,Walczynski,mwalczynski95@toplist.cz,Male,213.249.252.15
331,Udale,Neiland,uneiland96@howstuffworks.com,Female,202.197.131.231
332,Kingston,Tugwell,ktugwell97@ed.gov,Female,26.74.119.198
333,Cass,McKeefry,cmckeefry98@theguardian.com,Female,194.193.184.138
334,Jerrold,Cullagh,jcullagh99@vimeo.com,Female,24.54.5.47
335,Cristobal,Sandwith,csandwith9a@chicagotribune.com,Female,227.189.146.92
336,Ynes,Fenwick,yfenwick9b@dell.com,Male,185.60.92.94
337,Claybourne,Farre,cfarre9c@qq.com,Male,98.98.210.82
338,Hillyer,Findlow,hfindlow9d@quantcast.com,Male,122.116.19.244
339,Luisa,Duplock,lduplock9e@guardian.co.uk,Female,252.37.60.107
340,Kirstin,Disney,kdisney9f@rediff.com,Female,169.83.226.47
341,Genvieve,Shoveller,gshoveller9g@oracle.com,Genderqueer,172.51.135.187
342,Bernhard,Scardefield,bscardefield9h@kickstarter.com,Male,227.17.34.191
343,Cesare,Ginner,cginner9i@yale.edu,Male,224.111.47.164
344,Steve,Gandy,sgandy9j@timesonline.co.uk,Male,184.153.14.229
345,Chad,Durward,cdurward9k@drupal.org,Female,35.109.131.106
346,Novelia,Harrema,nharrema9l@amazon.com,Male,39.33.123.142
347,Cammi,Meale,cmeale9m@zdnet.com,Agender,183.232.184.57
348,Selie,Grigaut,sgrigaut9n@ifeng.com,Female,204.228.16.230
349,Cooper,Keddle,ckeddle9o@cpanel.net,Female,48.243.145.230
350,Bertine,Killough,bkillough9p@answers.com,Female,87.80.173.225
351,Leodora,Whiteford,lwhiteford9q@google.ca,Polygender,99.216.161.251
352,Yvonne,Goddman,ygoddman9r@usgs.gov,Female,249.73.152.12
353,Blane,Barlthrop,bbarlthrop9s@hibu.com,Male,84.224.27.78
354,Stearn,Baumford,sbaumford9t@tamu.edu,Male,203.20.235.152
355,Karlik,Wilkison,kwilkison9u@si.edu,Male,189.98.182.197
356,Aubrie,Venton,aventon9v@cbslocal.com,Female,133.193.111.255
357,Xever,Gowans,xgowans9w@uol.com.br,Female,101.228.190.232
358,Ruthann,Yelland,ryelland9x@samsung.com,Male,224.31.45.170
359,Myron,Delort,mdelort9y@fotki.com,Male,68.1.202.76
360,Marleen,Pentlow,mpentlow9z@google.nl,Female,58.174.133.140
361,Shani,Kitchiner,skitchinera0@wired.com,Female,112.208.63.112
362,Archambault,Dunlea,adunleaa1@paginegialle.it,Genderqueer,222.144.157.59
363,Maryanne,Mattsson,mmattssona2@liveinternet.ru,Female,131.163.36.77
364,Gayler,Nissle,gnisslea3@oaic.gov.au,Female,229.22.45.126
365,Henderson,Tebald,htebalda4@canalblog.com,Female,190.132.56.244
366,Laurie,Missenden,lmissendena5@themeforest.net,Female,26.107.103.234
367,Donnell,Humbles,dhumblesa6@lulu.com,Female,134.19.173.168
368,Godart,Stoffer,gstoffera7@4shared.com,Male,12.140.195.179
369,Faunie,Milton-White,fmiltonwhitea8@elpais.com,Female,99.132.195.251
370,Staffard,Arch,sarcha9@google.ca,Male,22.84.101.134
371,Maynard,Dufour,mdufouraa@miitbeian.gov.cn,Female,112.220.238.209
372,Karilynn,Gostyke,kgostykeab@google.ca,Male,247.235.59.235
373,Kalila,Bossingham,kbossinghamac@youtu.be,Bigender,181.249.44.148
374,Zebadiah,Burge,zburgead@wp.com,Male,182.42.39.141
375,Lidia,Piatto,lpiattoae@gmpg.org,Male,131.241.214.183
376,Gill,Feld,gfeldaf@upenn.edu,Male,210.71.168.131
377,Huntington,Kelway,hkelwayag@hugedomains.com,Male,155.105.205.128
378,Nanci,Brownsett,nbrownsettah@clickbank.net,Male,217.136.230.170
379,Tania,Sabbatier,tsabbatierai@shinystat.com,Female,177.55.84.6
380,Fernanda,Wallege,fwallegeaj@cornell.edu,Male,220.123.59.132
381,Florella,Fairbeard,ffairbeardak@theglobeandmail.com,Female,172.219.4.7
382,Nickolas,Tschersich,ntschersichal@yahoo.co.jp,Female,210.230.28.52
383,Marlo,Ovell,movellam@ifeng.com,Male,45.170.135.183
384,Dusty,Priddie,dpriddiean@baidu.com,Female,122.99.11.226
385,Isabel,Lilleycrop,ililleycropao@yahoo.com,Female,195.241.214.146
386,Frayda,Strelitzki,fstrelitzkiap@infoseek.co.jp,Male,46.200.13.255
387,Shir,McGillacoell,smcgillacoellaq@smugmug.com,Male,234.239.218.133
388,Rick,Loachhead,rloachheadar@ox.ac.uk,Male,228.115.207.85
389,Doug,Loachhead,dloachheadas@wunderground.com,Female,188.76.150.87
390,Amalia,MacDwyer,amacdwyerat@webnode.com,Female,77.34.113.155
391,Cathyleen,Gillease,cgilleaseau@weebly.com,Female,24.148.90.175
392,Fifi,Balmann,fbalmannav@hugedomains.com,Male,44.182.11.169
393,Westbrook,Birchill,wbirchillaw@biblegateway.com,Female,122.195.158.87
394,Carmel,Bannell,cbannellax@squidoo.com,Male,252.89.86.204
395,Dominic,Oloshin,doloshinay@springer.com,Male,148.206.69.135
396,Godart,Reisenstein,greisensteinaz@boston.com,Female,199.187.24.23
397,Stoddard,Twiddell,stwiddellb0@tiny.cc,Male,89.231.54.146
398,Joby,MacMillan,jmacmillanb1@addthis.com,Male,106.29.185.166
399,Carolyne,Benettelli,cbenettellib2@newsvine.com,Polygender,81.171.46.248
400,Udall,O'Lenane,uolenaneb3@pen.io,Male,62.37.250.182
401,Noni,Netti,nnettib4@google.com.au,Genderfluid,124.206.131.158
402,Thurston,Pattullo,tpattullob5@i2i.jp,Male,30.70.193.235
403,Paquito,Rebbeck,prebbeckb6@networksolutions.com,Male,224.74.111.174
404,Mace,Perren,mperrenb7@wsj.com,Female,203.69.223.102
405,Marlee,Geeson,mgeesonb8@bizjournals.com,Male,153.225.11.242
406,Kristoforo,Colwill,kcolwillb9@abc.net.au,Male,69.41.169.129
407,Consalve,Shorthill,cshorthillba@hostgator.com,Male,176.247.49.127
408,Hesther,Raulston,hraulstonbb@sciencedaily.com,Female,7.136.220.29
409,Sibilla,Musk,smuskbc@intel.com,Female,179.45.59.154
410,Reinaldo,Steptow,rsteptowbd@biblegateway.com,Male,233.1.101.65
411,Ase,Cuming,acumingbe@marriott.com,Genderqueer,157.154.63.4
412,Phillis,Faragher,pfaragherbf@chronoengine.com,Male,158.236.156.148
413,Etty,Cassedy,ecassedybg@moonfruit.com,Male,191.71.74.213
414,Cristi,Jaye,cjayebh@hibu.com,Male,36.149.180.5
415,Reina,Birchall,rbirchallbi@miitbeian.gov.cn,Female,17.145.243.191
416,Ynes,MacGahey,ymacgaheybj@ovh.net,Male,117.102.16.183
417,Karlens,Ramshaw,kramshawbk@wiley.com,Female,223.57.61.108
418,Millisent,Jaquemar,mjaquemarbl@xinhuanet.com,Female,216.143.77.243
419,Gustavo,Eglaise,geglaisebm@miibeian.gov.cn,Male,120.57.5.246
420,Siffre,Studholme,sstudholmebn@hubpages.com,Female,159.126.187.118
421,Artus,Bussey,abusseybo@ca.gov,Male,196.185.73.72
422,Abbe,Diamant,adiamantbp@amazon.de,Genderqueer,41.111.208.119
423,Frazier,Sponder,fsponderbq@mlb.com,Non-binary,205.184.38.112
424,Dalia,Korda,dkordabr@dailymotion.com,Female,40.7.36.213
425,Brit,McEniry,bmcenirybs@elegantthemes.com,Male,249.190.236.140
426,Gunther,Paxeford,gpaxefordbt@imdb.com,Female,176.24.30.78
427,Anne-corinne,Carbine,acarbinebu@yellowbook.com,Male,94.255.248.103
428,Delainey,Eisikovitsh,deisikovitshbv@unesco.org,Male,0.247.48.222
429,Ronda,Josse,rjossebw@hubpages.com,Male,204.81.165.21
430,Bambi,Pringour,bpringourbx@dailymail.co.uk,Non-binary,50.146.238.117
431,Pris,Lorroway,plorrowayby@gravatar.com,Male,134.228.234.11
432,Dew,Matteuzzi,dmatteuzzibz@wiley.com,Male,80.230.122.128
433,Noell,Arney,narneyc0@weebly.com,Male,131.150.221.23
434,Jessee,Bartkiewicz,jbartkiewiczc1@wired.com,Female,148.90.254.241
435,Jerrie,Wiffill,jwiffillc2@skyrock.com,Female,151.173.88.203
436,Madelon,Igoe,migoec3@google.es,Female,168.216.125.52
437,Drucill,Kryzhov,dkryzhovc4@ftc.gov,Male,176.195.234.147
438,Netty,Smoughton,nsmoughtonc5@flickr.com,Non-binary,22.158.175.226
439,Briggs,Ilyas,bilyasc6@ask.com,Non-binary,205.162.111.209
440,Sanderson,Whitty,swhittyc7@nba.com,Female,24.99.101.210
441,Emmet,Maestro,emaestroc8@is.gd,Male,147.121.250.3
442,Haslett,Hearl,hhearlc9@tinyurl.com,Female,245.165.126.245
443,Yurik,Thow,ythowca@usatoday.com,Agender,49.180.121.79
444,Sansone,Founds,sfoundscb@umich.edu,Female,159.94.165.23
445,Tarah,Segar,tsegarcc@angelfire.com,Female,170.149.129.6
446,Pansie,Furnell,pfurnellcd@zdnet.com,Male,74.45.23.114
447,Hazel,Dumblton,hdumbltonce@technorati.com,Male,214.248.37.59
448,Jodi,Friedlos,jfriedloscf@rakuten.co.jp,Male,82.149.187.184
449,Dayna,Mendes,dmendescg@toplist.cz,Male,96.105.48.2
450,Franklyn,Clawe,fclawech@nsw.gov.au,Female,129.155.80.73
451,Burk,Roswarne,broswarneci@discuz.net,Male,193.109.191.148
452,Margaux,de Pinna,mdepinnacj@alexa.com,Genderfluid,50.155.103.34
453,Lira,Schwandt,lschwandtck@craigslist.org,Male,7.180.186.203
454,Dougie,Huske,dhuskecl@va.gov,Female,130.26.3.154
455,Chico,Forseith,cforseithcm@whitehouse.gov,Male,228.54.156.110
456,Cynthia,Ensor,censorcn@posterous.com,Male,214.36.174.125
457,Herschel,Galero,hgaleroco@mit.edu,Female,135.119.38.51
458,Harold,Ivanishev,hivanishevcp@barnesandnoble.com,Female,226.6.250.52
459,Jerad,Isacke,jisackecq@joomla.org,Male,242.185.151.246
460,Mohandis,Curmi,mcurmicr@flavors.me,Female,177.77.86.250
461,Felicia,Drury,fdrurycs@usatoday.com,Female,47.87.66.241
462,Gabriele,Vasilik,gvasilikct@chron.com,Male,99.143.91.142
463,Aigneis,Pulman,apulmancu@springer.com,Female,58.251.215.226
464,Windy,Rydeard,wrydeardcv@arstechnica.com,Male,253.237.254.192
465,Scarface,Joust,sjoustcw@netlog.com,Genderfluid,32.119.155.196
466,Ram,Laister,rlaistercx@japanpost.jp,Female,89.133.189.111
467,Sadella,Magnus,smagnuscy@shop-pro.jp,Polygender,229.19.109.39
468,Paten,Drydale,pdrydalecz@linkedin.com,Male,122.23.226.138
469,Eleanore,McLachlan,emclachland0@google.es,Male,107.71.120.76
470,Helen-elizabeth,Purkiss,hpurkissd1@devhub.com,Female,50.93.209.67
471,Colan,Dufton,cduftond2@dagondesign.com,Male,125.203.139.55
472,Karmen,Sweeny,ksweenyd3@pcworld.com,Male,246.237.123.85
473,Win,McKall,wmckalld4@theatlantic.com,Female,13.99.30.143
474,Starlene,Glisenan,sglisenand5@independent.co.uk,Female,98.51.123.203
475,Bebe,Francie,bfrancied6@1und1.de,Female,40.80.241.37
476,Nisse,Andrelli,nandrellid7@archive.org,Male,135.28.37.105
477,Juli,Seiffert,jseiffertd8@mysql.com,Male,184.62.55.33
478,Ianthe,Hansmann,ihansmannd9@independent.co.uk,Male,165.56.250.232
479,Cello,Gregorowicz,cgregorowiczda@icio.us,Female,100.203.61.116
480,Brenda,Malin,bmalindb@baidu.com,Female,244.126.175.54
481,Forester,Winter,fwinterdc@abc.net.au,Female,97.12.40.104
482,Rochester,Job,rjobdd@umich.edu,Male,74.218.192.65
483,Mel,Tonkinson,mtonkinsonde@xrea.com,Male,130.58.199.189
484,Brunhilde,Huggons,bhuggonsdf@telegraph.co.uk,Male,53.76.93.49
485,Chrystel,Falkingham,cfalkinghamdg@aboutads.info,Male,222.139.110.85
486,Kippar,Chilton,kchiltondh@123-reg.co.uk,Female,122.215.210.187
487,Barnebas,Gamwell,bgamwelldi@dmoz.org,Female,218.113.95.67
488,Vin,McReidy,vmcreidydj@wunderground.com,Male,231.213.180.149
489,Giffy,Dacca,gdaccadk@google.nl,Male,75.196.160.238
490,Emmi,Kindleside,ekindlesidedl@symantec.com,Male,25.6.14.8
491,Serge,Kasper,skasperdm@4shared.com,Female,71.203.226.254
492,Brigitta,Aicheson,baichesondn@jigsy.com,Female,84.218.235.243
493,Charis,Lantuff,clantuffdo@jigsy.com,Female,0.29.73.178
494,Charlotta,Gostall,cgostalldp@theglobeandmail.com,Female,62.162.193.206
495,Arabel,Rubinek,arubinekdq@wisc.edu,Female,165.156.230.47
496,Thadeus,Echalie,techaliedr@nature.com,Male,108.128.251.208
497,Lucie,Hendonson,lhendonsonds@senate.gov,Male,171.23.57.217
498,Ruthanne,Natt,rnattdt@dion.ne.jp,Female,233.217.221.228
499,D'arcy,McKeown,dmckeowndu@samsung.com,Female,43.48.127.172
500,Jordain,Schutt,jschuttdv@xinhuanet.com,Male,233.13.165.5
501,Rice,Sier,rsierdw@google.co.uk,Female,32.62.205.238
502,Gustaf,Edlyne,gedlynedx@4shared.com,Male,145.110.253.232
503,Missie,Yong,myongdy@ifeng.com,Male,236.15.145.212
504,Cobb,Haward,chawarddz@rediff.com,Female,207.1.21.205
505,Shela,Leopold,sleopolde0@economist.com,Male,100.19.197.63
506,Yettie,Longworthy,ylongworthye1@dyndns.org,Female,42.94.49.130
507,Leon,Aaron,laarone2@constantcontact.com,Female,48.45.44.254
508,Tiler,Leatherborrow,tleatherborrowe3@ftc.gov,Male,104.180.61.133
509,Clemens,Dantesia,cdantesiae4@domainmarket.com,Female,157.167.76.150
510,Francklyn,Struys,fstruyse5@google.pl,Female,96.71.43.8
511,Noni,Prickett,nprickette6@marketwatch.com,Female,253.150.24.49
512,Rik,Demangel,rdemangele7@java.com,Female,182.212.16.199
513,Merralee,Mouse,mmousee8@posterous.com,Female,231.126.93.195
514,Allard,Phillcox,aphillcoxe9@narod.ru,Male,99.222.79.244
515,Cherin,Armer,carmerea@themeforest.net,Male,126.26.103.111
516,Sheelah,Conen,sconeneb@un.org,Male,31.64.203.173
517,Colan,Blant,cblantec@bandcamp.com,Male,5.185.223.235
518,Toinette,Clipsham,tclipshamed@nature.com,Male,45.113.235.70
519,Devy,Shawdforth,dshawdforthee@marketwatch.com,Genderqueer,150.164.65.39
520,Shirlee,Sahlstrom,ssahlstromef@bloglovin.com,Female,43.151.122.207
521,Stefanie,Rapier,srapiereg@printfriendly.com,Female,178.169.236.255
522,Cyndi,Matskiv,cmatskiveh@edublogs.org,Female,11.43.167.46
523,Krystle,Stealfox,kstealfoxei@un.org,Female,179.133.169.33
524,Stella,Whyborn,swhybornej@dyndns.org,Male,67.73.81.233
525,Quinn,Ould,qouldek@disqus.com,Male,16.205.82.113
526,Karleen,Czaple,kczapleel@about.com,Male,252.117.64.159
527,Flori,Heare,fheareem@networksolutions.com,Male,235.32.88.180
528,Elvin,Clemes,eclemesen@webeden.co.uk,Female,50.62.21.174
529,Gran,Giberd,ggiberdeo@dailymail.co.uk,Non-binary,27.169.62.137
530,Elfreda,Littledike,elittledikeep@ask.com,Female,154.241.151.196
531,Noami,Screwton,nscrewtoneq@cbc.ca,Female,25.35.205.128
532,Salmon,Scottrell,sscottreller@qq.com,Female,45.118.217.244
533,Maribel,Raggles,mraggleses@github.com,Male,130.120.186.12
534,Caressa,Caven,ccavenet@forbes.com,Polygender,239.160.144.100
535,Alena,Vasiliev,avasilieveu@usa.gov,Male,195.97.145.116
536,Lefty,Pleace,lpleaceev@vinaora.com,Female,23.78.157.111
537,Renato,Milland,rmillandew@artisteer.com,Female,177.131.212.89
538,Kassandra,Melody,kmelodyex@narod.ru,Male,95.65.156.125
539,Blake,Parton,bpartoney@state.tx.us,Female,60.76.26.71
540,Clemmy,Besnardeau,cbesnardeauez@wordpress.com,Female,152.245.143.173
541,Madge,Wanek,mwanekf0@msn.com,Female,53.114.100.130
542,Astrix,Beine,abeinef1@furl.net,Female,75.141.255.32
543,Audrye,Linfitt,alinfittf2@furl.net,Male,229.2.231.200
544,Martie,Mercik,mmercikf3@cyberchimps.com,Male,149.57.76.217
545,Valma,Le Quesne,vlequesnef4@google.ru,Female,145.65.11.151
546,Seumas,Afield,safieldf5@macromedia.com,Female,250.53.91.62
547,Clemente,Breede,cbreedef6@loc.gov,Female,125.76.214.73
548,Artur,Hardstaff,ahardstafff7@pen.io,Male,40.94.164.161
549,Basil,Barks,bbarksf8@exblog.jp,Female,39.64.124.119
550,Ginnie,Enrich,genrichf9@github.com,Male,185.83.105.241
551,Weider,Camoletto,wcamolettofa@ehow.com,Female,88.98.211.24
552,Lefty,Pountney,lpountneyfb@mozilla.org,Female,245.126.33.200
553,Rice,Greader,rgreaderfc@51.la,Female,21.33.218.124
554,Olivier,Hacon,ohaconfd@ning.com,Female,165.29.147.30
555,Naoma,De Matteis,ndematteisfe@hugedomains.com,Female,138.62.21.234
556,Tim,Wegener,twegenerff@patch.com,Male,252.78.62.191
557,Ynez,Sikora,ysikorafg@chron.com,Female,16.86.188.188
558,Stuart,MacKee,smackeefh@google.com.au,Male,181.1.167.39
559,Cathleen,Poultney,cpoultneyfi@reference.com,Genderfluid,157.235.196.58
560,Gussy,Janauschek,gjanauschekfj@archive.org,Female,24.239.86.226
561,Shaine,Rahl,srahlfk@mysql.com,Male,41.255.132.236
562,Jefferey,Blackesland,jblackeslandfl@xing.com,Female,25.22.48.218
563,Johnath,Godbehere,jgodbeherefm@smugmug.com,Female,250.215.245.58
564,Nissie,Ianiello,nianiellofn@1und1.de,Female,12.20.162.240
565,Leta,Hargitt,lhargittfo@army.mil,Genderfluid,86.58.75.175
566,Jere,Ferrolli,jferrollifp@icio.us,Agender,44.94.187.158
567,Lizzie,Baggelley,lbaggelleyfq@archive.org,Female,27.91.248.20
568,Daveta,Bascombe,dbascombefr@usda.gov,Female,94.74.46.0
569,Tillie,Canada,tcanadafs@hubpages.com,Female,245.94.181.249
570,Berkeley,Heatlie,bheatlieft@wufoo.com,Genderfluid,141.72.150.15
571,Gasper,Comberbeach,gcomberbeachfu@wix.com,Male,31.151.84.194
572,Dorie,Mailey,dmaileyfv@domainmarket.com,Female,77.57.96.178
573,Vern,Fern,vfernfw@dot.gov,Female,186.56.254.249
574,Clarette,Bennoe,cbennoefx@timesonline.co.uk,Female,88.52.4.65
575,Maurise,Stoile,mstoilefy@trellian.com,Female,229.40.139.213
576,Garrott,Puddin,gpuddinfz@europa.eu,Bigender,250.90.177.93
577,Maggi,Dowsing,mdowsingg0@zdnet.com,Female,248.196.153.216
578,Lindsy,Waine,lwaineg1@digg.com,Female,245.44.148.109
579,Preston,Glasscock,pglasscockg2@theguardian.com,Male,173.22.170.80
580,Sibbie,Jaxon,sjaxong3@about.com,Female,222.20.245.92
581,Legra,Cypler,lcyplerg4@cdbaby.com,Female,223.83.57.0
582,Hagen,Ansley,hansleyg5@berkeley.edu,Male,153.8.92.155
583,Rubia,O'Lagen,rolageng6@unesco.org,Female,101.98.174.10
584,Eba,Gregore,egregoreg7@wordpress.com,Male,156.189.18.71
585,Gasparo,Towse,gtowseg8@bigcartel.com,Female,160.67.217.19
586,Cal,Guidelli,cguidellig9@sciencedirect.com,Male,160.175.121.234
587,Olva,Ogger,ooggerga@diigo.com,Male,230.198.69.220
588,Maighdiln,McNaught,mmcnaughtgb@eepurl.com,Female,188.124.193.205
589,Wallas,Carress,wcarressgc@hexun.com,Male,247.239.200.243
590,Tiebout,Librey,tlibreygd@hatena.ne.jp,Male,41.200.218.55
591,Temple,Craft,tcraftge@marketwatch.com,Male,91.248.29.83
592,Marina,Bedward,mbedwardgf@lulu.com,Female,249.66.40.106
593,Arny,Eastbrook,aeastbrookgg@europa.eu,Male,173.234.199.222
594,Lesley,Rao,lraogh@time.com,Male,230.194.161.139
595,Wheeler,Trayhorn,wtrayhorngi@usa.gov,Female,230.150.60.176
596,Cherry,Melding,cmeldinggj@netvibes.com,Male,249.117.90.222
597,Blake,Kilday,bkildaygk@cisco.com,Female,204.212.213.132
598,Garret,Heintz,gheintzgl@redcross.org,Female,106.19.142.29
599,Costa,Okenden,cokendengm@ezinearticles.com,Female,15.95.38.227
600,Ansley,Kiff,akiffgn@xrea.com,Male,115.231.145.170
601,Danna,Jenken,djenkengo@go.com,Male,22.231.55.195
602,Seline,Swarbrick,sswarbrickgp@si.edu,Male,223.138.54.218
603,Brade,Josefowicz,bjosefowiczgq@prweb.com,Female,120.57.30.87
604,Chicky,Van Der Walt,cvanderwaltgr@unesco.org,Non-binary,109.34.238.248
605,Abeu,Gristhwaite,agristhwaitegs@myspace.com,Male,186.99.207.116
606,Nevil,Cobbald,ncobbaldgt@networksolutions.com,Female,101.75.75.47
607,Reynard,Wallwork,rwallworkgu@bloglines.com,Female,6.143.136.246
608,Geri,Elecum,gelecumgv@qq.com,Male,112.120.239.36
609,Luciano,Kidner,lkidnergw@sphinn.com,Female,144.166.153.116
610,Zackariah,Gheorghie,zgheorghiegx@google.co.uk,Female,249.20.54.93
611,Mohandas,Geill,mgeillgy@howstuffworks.com,Female,237.214.236.129
612,Rae,Rawdall,rrawdallgz@dailymotion.com,Male,114.206.199.71
613,Laraine,Fassbender,lfassbenderh0@tumblr.com,Female,56.49.31.249
614,Rafaela,Meighan,rmeighanh1@blog.com,Female,109.217.178.99
615,Bob,Hulson,bhulsonh2@multiply.com,Male,86.106.217.44
616,Lisetta,Hunday,lhundayh3@psu.edu,Male,142.228.40.160
617,Bobina,Limeburner,blimeburnerh4@wordpress.org,Male,152.53.18.195
618,Nerte,Marjoribanks,nmarjoribanksh5@ask.com,Male,94.18.234.176
619,Kissie,Pariso,kparisoh6@virginia.edu,Female,65.41.172.122
620,Addi,Morrice,amorriceh7@dion.ne.jp,Female,186.178.219.20
621,Faith,Jeste,fjesteh8@symantec.com,Male,4.236.105.160
622,Leanora,Mitchener,lmitchenerh9@cnn.com,Bigender,94.248.73.121
623,Margi,O'Codihie,mocodihieha@t-online.de,Female,60.137.255.132
624,Zak,Ivel,zivelhb@mysql.com,Bigender,167.152.6.62
625,Minny,Craighead,mcraigheadhc@bbb.org,Female,115.240.104.202
626,Park,Simonsen,psimonsenhd@earthlink.net,Male,66.4.139.214
627,Mitchell,Gosneye,mgosneyehe@businessweek.com,Male,145.60.34.96
628,Karyl,Fumagall,kfumagallhf@disqus.com,Female,155.199.35.175
629,Arni,Rickardes,arickardeshg@usgs.gov,Female,45.116.154.198
630,Sheila-kathryn,Cartmell,scartmellhh@japanpost.jp,Female,211.246.187.22
631,Martainn,Giovannardi,mgiovannardihi@wisc.edu,Male,70.58.160.246
632,Matias,Beldum,mbeldumhj@trellian.com,Female,11.176.9.253
633,Ezra,Cuddihy,ecuddihyhk@hexun.com,Female,25.117.122.125
634,Talyah,Butchart,tbutcharthl@psu.edu,Female,253.224.67.80
635,Dreddy,Barkway,dbarkwayhm@xinhuanet.com,Male,167.106.91.31
636,Ancell,Beveridge,abeveridgehn@nydailynews.com,Male,27.131.141.83
637,Frederich,Mariotte,fmariotteho@senate.gov,Non-binary,252.60.125.84
638,Harwell,Mackelworth,hmackelworthhp@wikimedia.org,Female,182.169.117.41
639,Jeremy,Lutwidge,jlutwidgehq@fotki.com,Male,131.76.184.105
640,Klaus,Braxton,kbraxtonhr@yellowbook.com,Female,150.29.8.37
641,Taryn,Bennit,tbenniths@archive.org,Female,11.212.97.198
642,Brendon,Osbaldstone,bosbaldstoneht@newsvine.com,Female,239.27.193.135
643,Beatrisa,Vondra,bvondrahu@seesaa.net,Genderfluid,105.207.251.186
644,Taddeo,Rothman,trothmanhv@domainmarket.com,Male,172.227.220.195
645,Ailina,Bromehead,abromeheadhw@ocn.ne.jp,Female,210.197.223.14
646,Noelle,Laterza,nlaterzahx@howstuffworks.com,Female,50.200.191.20
647,Ranique,Symcoxe,rsymcoxehy@google.de,Female,138.163.216.36
648,Jany,Lunck,jlunckhz@amazon.co.uk,Male,135.19.197.13
649,Nerti,Thickett,nthicketti0@cdbaby.com,Male,47.141.106.125
650,Arch,Shakelade,ashakeladei1@ihg.com,Male,31.185.109.224
651,Gabe,Iveson,givesoni2@youtu.be,Male,185.151.12.162
652,Zaccaria,Cattrell,zcattrelli3@twitpic.com,Male,124.252.91.172
653,Mignonne,Spurryer,mspurryeri4@moonfruit.com,Female,228.29.21.145
654,Fayth,Riolfi,friolfii5@diigo.com,Bigender,1.152.37.197
655,Dede,Sharrier,dsharrieri6@privacy.gov.au,Male,95.12.56.58
656,Vitoria,Zellner,vzellneri7@bloomberg.com,Male,209.42.200.222
657,Coralyn,Almack,calmacki8@clickbank.net,Male,151.102.48.67
658,Gaultiero,Larmouth,glarmouthi9@accuweather.com,Female,191.39.97.142
659,Bernelle,Lishmund,blishmundia@indiegogo.com,Female,37.20.118.35
660,Philippa,Postance,ppostanceib@jiathis.com,Female,52.222.2.181
661,Abbey,Airdrie,aairdrieic@wunderground.com,Male,71.60.67.97
662,Melamie,Hurle,mhurleid@slate.com,Female,44.94.98.89
663,Rayner,McErlaine,rmcerlaineie@tuttocitta.it,Female,53.14.232.120
664,Adelind,Tofano,atofanoif@privacy.gov.au,Female,182.216.7.177
665,Osmond,Betser,obetserig@geocities.jp,Male,164.210.126.55
666,Sibbie,Baurerich,sbaurerichih@apple.com,Male,142.57.139.93
667,Kristal,Verissimo,kverissimoii@last.fm,Male,0.143.225.236
668,Murdoch,Jozwik,mjozwikij@senate.gov,Female,88.79.80.63
669,Maudie,Jewess,mjewessik@last.fm,Female,248.14.84.37
670,Jacklin,Leng,jlengil@sourceforge.net,Female,140.48.253.212
671,Tanner,Dodman,tdodmanim@github.io,Male,203.162.77.134
672,Ode,Minchell,ominchellin@so-net.ne.jp,Male,72.184.145.70
673,Hyacinth,MacKinnon,hmackinnonio@japanpost.jp,Male,6.239.6.175
674,Jeffry,Stitt,jstittip@independent.co.uk,Female,148.97.176.228
675,Barbra,Jeannon,bjeannoniq@dropbox.com,Female,68.70.122.88
676,Anna-maria,Littlefield,alittlefieldir@exblog.jp,Male,191.216.108.59
677,Barrie,Maystone,bmaystoneis@tripod.com,Female,230.214.109.180
678,Bryn,Wharfe,bwharfeit@yellowpages.com,Male,141.155.191.146
679,Tiffy,Eustanch,teustanchiu@goo.gl,Female,8.50.92.201
680,Aubrey,Covell,acovelliv@intel.com,Female,181.93.110.184
681,Warner,Craythorne,wcraythorneiw@networkadvertising.org,Female,7.4.124.128
682,Lari,Clibbery,lclibberyix@bravesites.com,Bigender,178.214.140.8
683,Giavani,Heersma,gheersmaiy@illinois.edu,Female,86.186.250.110
684,Edee,Staig,estaigiz@topsy.com,Female,16.68.245.217
685,Edythe,Brechin,ebrechinj0@goo.ne.jp,Female,242.109.48.143
686,Gaspard,Ekins,gekinsj1@miibeian.gov.cn,Male,10.228.17.132
687,Madella,Bertouloume,mbertouloumej2@dyndns.org,Female,23.114.211.76
688,Fleur,Mattsson,fmattssonj3@parallels.com,Male,168.15.215.179
689,Yves,Norfolk,ynorfolkj4@vk.com,Female,98.55.54.248
690,Chase,Hawney,chawneyj5@arizona.edu,Male,183.232.21.204
691,Brandon,Bridell,bbridellj6@drupal.org,Genderqueer,40.160.170.218
692,Cointon,Deane,cdeanej7@un.org,Male,166.153.110.23
693,Stephi,Shrimplin,sshrimplinj8@1und1.de,Male,74.115.201.34
694,Teirtza,Rawkesby,trawkesbyj9@usgs.gov,Female,93.68.178.147
695,Filide,Pittem,fpittemja@xrea.com,Male,83.144.233.248
696,Sibella,Bonsul,sbonsuljb@bandcamp.com,Bigender,9.107.35.148
697,Dion,Pestridge,dpestridgejc@miibeian.gov.cn,Female,58.196.59.216
698,Alister,Mostyn,amostynjd@symantec.com,Bigender,78.138.165.53
699,Solly,Lovelock,slovelockje@jugem.jp,Male,242.161.208.58
700,Bobbee,Hardy,bhardyjf@sciencedirect.com,Male,231.100.112.202
701,Trev,Youson,tyousonjg@tinypic.com,Male,140.205.29.192
702,Rodd,Clilverd,rclilverdjh@slideshare.net,Female,125.247.88.91
703,Libbey,Clampe,lclampeji@hc360.com,Male,145.9.76.43
704,Rena,Burkhill,rburkhilljj@biblegateway.com,Female,130.225.234.202
705,Berky,Kibble,bkibblejk@globo.com,Female,254.201.186.215
706,Sally,Fassam,sfassamjl@wisc.edu,Female,227.152.68.155
707,Simonette,Bultitude,sbultitudejm@gov.uk,Male,200.131.152.144
708,Raeann,Bednall,rbednalljn@stumbleupon.com,Bigender,219.211.211.232
709,Melony,Sacher,msacherjo@simplemachines.org,Female,4.24.254.153
710,Minerva,Dilleway,mdillewayjp@sfgate.com,Female,243.42.237.191
711,Maureen,Feast,mfeastjq@abc.net.au,Male,35.163.189.28
712,Dagmar,Quinlan,dquinlanjr@discuz.net,Male,139.37.7.156
713,Moss,Gallone,mgallonejs@nymag.com,Female,64.104.150.49
714,Janaye,Balden,jbaldenjt@moonfruit.com,Agender,114.224.185.170
715,Tiphany,Tattoo,ttattooju@merriam-webster.com,Female,40.54.77.188
716,Lyssa,Meller,lmellerjv@flavors.me,Female,36.72.254.132
717,Laetitia,Bartholin,lbartholinjw@gov.uk,Female,41.29.199.113
718,Jock,Edwinson,jedwinsonjx@irs.gov,Non-binary,71.1.128.157
719,Bobbe,Jewer,bjewerjy@harvard.edu,Female,201.52.89.45
720,Sindee,Vickarman,svickarmanjz@state.gov,Female,69.142.188.98
721,Pauletta,Plain,pplaink0@symantec.com,Male,82.199.1.215
722,Annabela,Hanning,ahanningk1@digg.com,Female,219.62.71.0
723,Clementius,Solleme,csollemek2@businesswire.com,Male,24.125.95.250
724,Bendick,Britney,bbritneyk3@google.nl,Female,16.249.211.11
725,Fanechka,Zanussii,fzanussiik4@ibm.com,Genderfluid,112.189.3.28
726,Viviyan,Toppas,vtoppask5@weibo.com,Female,143.61.87.200
727,Ilario,Matzaitis,imatzaitisk6@a8.net,Female,175.48.108.182
728,Nikolaus,Middiff,nmiddiffk7@barnesandnoble.com,Bigender,47.248.6.65
729,Maurits,Aglione,maglionek8@wordpress.com,Female,73.82.35.179
730,Aldon,Durham,adurhamk9@tripadvisor.com,Male,192.186.254.160
731,Andrej,MacMarcuis,amacmarcuiska@about.me,Non-binary,35.54.144.63
732,Rayner,O'Neill,roneillkb@reddit.com,Female,49.246.40.132
733,Rhetta,Belly,rbellykc@feedburner.com,Female,176.96.90.189
734,Betteanne,Aust,baustkd@msn.com,Male,145.128.167.135
735,Gerome,McMillan,gmcmillanke@meetup.com,Non-binary,179.152.171.189
736,Gabe,Beamiss,gbeamisskf@walmart.com,Genderqueer,201.233.253.204
737,Sadie,Christoffe,schristoffekg@oakley.com,Genderqueer,222.174.30.81
738,Murdoch,Pendlington,mpendlingtonkh@123-reg.co.uk,Female,65.175.74.28
739,Adan,Minard,aminardki@wix.com,Female,170.37.138.115
740,Pammie,Halfhyde,phalfhydekj@webeden.co.uk,Female,235.177.2.122
741,Oswell,Stendall,ostendallkk@dell.com,Male,8.35.9.145
742,Dyanna,Pattington,dpattingtonkl@csmonitor.com,Agender,188.16.37.135
743,Buck,Henbury,bhenburykm@tamu.edu,Non-binary,223.160.10.115
744,Toby,Goozee,tgoozeekn@people.com.cn,Genderfluid,115.53.2.72
745,Cassie,Berryman,cberrymanko@printfriendly.com,Male,34.130.35.173
746,Cedric,Rivalland,crivallandkp@weebly.com,Female,181.144.2.140
747,Lenora,Cottingham,lcottinghamkq@linkedin.com,Female,167.24.160.235
748,Avrit,Jedrasik,ajedrasikkr@bloomberg.com,Male,48.182.163.172
749,Charmaine,Kopman,ckopmanks@fastcompany.com,Female,217.233.122.236
750,Adelaida,Coltan,acoltankt@phoca.cz,Female,18.83.177.69
751,Ninnetta,Wooffinden,nwooffindenku@amazon.co.jp,Female,246.102.137.12
752,Christie,Gwioneth,cgwionethkv@economist.com,Female,111.132.160.197
753,Stephen,Francis,sfranciskw@newsvine.com,Male,97.71.12.51
754,Roseann,Lesslie,rlessliekx@amazon.de,Male,19.153.147.147
755,Umeko,Tolliday,utollidayky@bloglovin.com,Female,134.168.27.62
756,Nickie,Lovel,nlovelkz@ebay.co.uk,Polygender,128.191.216.102
757,Woody,Coney,wconeyl0@samsung.com,Female,215.88.132.153
758,Patti,Wareham,pwarehaml1@icio.us,Female,230.121.181.62
759,Mortimer,Chimienti,mchimientil2@addtoany.com,Male,220.179.225.116
760,Melicent,Wreiford,mwreifordl3@cam.ac.uk,Female,184.108.69.147
761,Netta,Riggey,nriggeyl4@list-manage.com,Male,191.1.225.5
762,Kenna,Blinco,kblincol5@ted.com,Female,199.87.255.68
763,Yetta,Evison,yevisonl6@pbs.org,Male,22.78.202.154
764,Wandie,O'Lahy,wolahyl7@time.com,Male,33.179.168.51
765,Nollie,Smooth,nsmoothl8@weibo.com,Female,133.9.48.47
766,Idell,Grouen,igrouenl9@addthis.com,Female,1.255.48.42
767,Constance,Jansey,cjanseyla@mtv.com,Female,1.18.161.176
768,Tiena,Springthorpe,tspringthorpelb@usa.gov,Female,120.156.146.119
769,Oby,Guidelli,oguidellilc@4shared.com,Female,221.116.24.217
770,Petunia,Stranahan,pstranahanld@1und1.de,Genderfluid,169.150.65.155
771,Madonna,Dinzey,mdinzeyle@zimbio.com,Male,57.219.27.253
772,Suzy,Lavarack,slavaracklf@imgur.com,Male,145.101.170.190
773,Florida,Seckom,fseckomlg@elpais.com,Female,9.71.57.51
774,Broddy,Corrin,bcorrinlh@rediff.com,Male,139.48.240.175
775,Toddie,Bazely,tbazelyli@princeton.edu,Female,186.43.9.243
776,Gelya,Karolyi,gkarolyilj@gravatar.com,Female,162.156.77.203
777,Gwyn,Cooksey,gcookseylk@sohu.com,Agender,221.18.211.230
778,Erasmus,Caramuscia,ecaramusciall@123-reg.co.uk,Female,1.9.181.166
779,Tasha,Serris,tserrislm@taobao.com,Male,254.191.85.5
780,Dory,Buscher,dbuscherln@guardian.co.uk,Male,64.34.39.214
781,Aurel,Korn,akornlo@freewebs.com,Female,19.60.58.23
782,Trip,Bartrum,tbartrumlp@storify.com,Male,118.28.91.209
783,Roxanna,Edwicker,redwickerlq@tinypic.com,Male,92.43.148.142
784,Odilia,Blamires,oblamireslr@timesonline.co.uk,Male,40.102.254.249
785,Roldan,Dedrick,rdedrickls@si.edu,Male,252.41.177.123
786,Nicolette,Jachtym,njachtymlt@ucla.edu,Female,252.40.214.77
787,Cosette,Sey,cseylu@answers.com,Male,95.227.255.53
788,Damita,Edghinn,dedghinnlv@buzzfeed.com,Bigender,42.160.142.102
789,Misti,Williment,mwillimentlw@senate.gov,Agender,105.3.139.39
790,Costa,Lehenmann,clehenmannlx@gizmodo.com,Male,142.181.150.185
791,Vi,Colbron,vcolbronly@bluehost.com,Male,178.3.164.16
792,Carly,Cattach,ccattachlz@paypal.com,Bigender,91.207.115.243
793,Sally,McAloren,smcalorenm0@indiatimes.com,Genderfluid,88.183.176.167
794,Essa,Worviell,eworviellm1@dion.ne.jp,Female,162.206.204.178
795,Aloysius,Olanda,aolandam2@constantcontact.com,Female,110.221.189.31
796,Phebe,Schindler,pschindlerm3@rakuten.co.jp,Male,67.108.41.142
797,Kissie,Dumpleton,kdumpletonm4@paypal.com,Female,70.233.183.38
798,Davida,Nassey,dnasseym5@etsy.com,Genderqueer,34.229.213.188
799,Aggy,Tadman,atadmanm6@unblog.fr,Female,80.218.74.155
800,Valenka,Godfree,vgodfreem7@scribd.com,Female,83.165.73.233
801,Onfre,Meynell,omeynellm8@admin.ch,Female,42.185.163.90
802,Bryan,Legrand,blegrandm9@apache.org,Female,22.2.38.175
803,Roderich,Sarfati,rsarfatima@list-manage.com,Female,58.216.178.202
804,Sven,Bruyns,sbruynsmb@ted.com,Male,162.41.25.25
805,Violette,Bransgrove,vbransgrovemc@scientificamerican.com,Male,163.89.18.59
806,Cherish,Koppeck,ckoppeckmd@addtoany.com,Male,191.246.153.226
807,Adelina,Knivett,aknivettme@bigcartel.com,Female,177.219.191.172
808,Dory,Brydson,dbrydsonmf@utexas.edu,Male,210.105.243.148
809,Edgardo,Curcher,ecurchermg@wsj.com,Male,45.250.227.183
810,Burnaby,Rizon,brizonmh@printfriendly.com,Male,59.46.249.43
811,Eloise,Tretter,etrettermi@intel.com,Male,82.182.88.47
812,Hamilton,O'Hartnedy,hohartnedymj@tamu.edu,Male,35.144.27.236
813,Archibald,Trenchard,atrenchardmk@vkontakte.ru,Bigender,147.85.22.217
814,Kira,Wastall,kwastallml@infoseek.co.jp,Male,119.128.73.59
815,Katinka,Jellings,kjellingsmm@yolasite.com,Male,235.108.129.168
816,Cassi,McLennan,cmclennanmn@booking.com,Male,50.78.7.93
817,Cookie,Murley,cmurleymo@ebay.co.uk,Female,35.118.119.84
818,Lindsay,Crawcour,lcrawcourmp@ucla.edu,Male,199.79.141.236
819,Tarah,Clemes,tclemesmq@discuz.net,Male,71.56.114.200
820,Valaree,Chessill,vchessillmr@ox.ac.uk,Female,43.165.225.204
821,Fitzgerald,Hallam,fhallamms@constantcontact.com,Male,65.166.223.17
822,Kaela,Jira,kjiramt@stumbleupon.com,Female,163.58.52.204
823,Angie,Deignan,adeignanmu@123-reg.co.uk,Female,143.137.168.234
824,Maryrose,Limpenny,mlimpennymv@symantec.com,Male,52.141.52.196
825,Doria,Skottle,dskottlemw@imdb.com,Agender,11.213.29.90
826,Kathlin,Sebright,ksebrightmx@digg.com,Female,194.77.53.180
827,Hazel,Bartalini,hbartalinimy@gizmodo.com,Male,115.29.135.15
828,Quintilla,Shilvock,qshilvockmz@ucoz.ru,Female,68.97.16.98
829,Garland,Mourbey,gmourbeyn0@ycombinator.com,Male,37.119.152.129
830,Margarethe,Beasleigh,mbeasleighn1@zdnet.com,Female,116.53.70.183
831,Carole,Batsford,cbatsfordn2@flavors.me,Female,61.37.85.95
832,Harlan,Hathwood,hhathwoodn3@state.gov,Female,171.186.74.103
833,Arturo,Daniells,adaniellsn4@cbsnews.com,Male,222.149.221.124
834,Aleda,Morgen,amorgenn5@webs.com,Female,74.218.187.133
835,Isa,Amori,iamorin6@so-net.ne.jp,Female,161.221.186.60
836,Carlos,Benfield,cbenfieldn7@instagram.com,Male,130.132.25.185
837,Enoch,Lassey,elasseyn8@sun.com,Female,58.46.116.102
838,Bunnie,Perrett,bperrettn9@uiuc.edu,Female,22.30.249.205
839,Sara-ann,Koles,skolesna@theatlantic.com,Male,124.52.136.125
840,Aylmar,Muff,amuffnb@nhs.uk,Female,199.23.170.63
841,Bax,Ferenczi,bferenczinc@live.com,Female,146.173.212.171
842,Bab,Nares,bnaresnd@pcworld.com,Female,150.231.66.245
843,Fonsie,Bloxsome,fbloxsomene@livejournal.com,Male,199.223.130.11
844,Jordanna,Bennion,jbennionnf@webmd.com,Female,226.191.201.100
845,Kirby,Avramovsky,kavramovskyng@list-manage.com,Male,93.82.47.117
846,Amelie,Tynnan,atynnannh@ustream.tv,Male,5.98.187.164
847,Cass,Redwood,credwoodni@google.cn,Female,204.106.219.56
848,Gwendolin,Simner,gsimnernj@disqus.com,Female,240.67.13.78
849,Barbette,Charley,bcharleynk@washingtonpost.com,Male,200.95.3.72
850,Tyson,Staniford,tstanifordnl@chicagotribune.com,Male,214.149.12.82
851,Egan,Perkin,eperkinnm@psu.edu,Female,184.0.218.50
852,Ange,Renehan,arenehannn@stumbleupon.com,Female,84.94.253.94
853,Morly,Werndly,mwerndlyno@issuu.com,Male,75.195.55.234
854,Heriberto,Free,hfreenp@symantec.com,Female,95.24.153.116
855,Martha,Craufurd,mcraufurdnq@weebly.com,Female,196.37.145.26
856,Shea,Entreis,sentreisnr@ucoz.com,Male,19.172.59.12
857,Connor,De Giovanni,cdegiovannins@tmall.com,Agender,34.131.21.67
858,Nathaniel,Ratie,nratient@liveinternet.ru,Male,109.219.219.136
859,Gage,Kensett,gkensettnu@comsenz.com,Genderqueer,87.122.118.147
860,Omero,Franzewitch,ofranzewitchnv@desdev.cn,Female,4.16.148.32
861,Tiff,Hatcliffe,thatcliffenw@thetimes.co.uk,Bigender,189.179.34.108
862,Errick,Harmson,eharmsonnx@mail.ru,Female,82.236.32.44
863,Bern,Crosse,bcrosseny@thetimes.co.uk,Male,99.216.14.35
864,Dulcinea,Nobes,dnobesnz@printfriendly.com,Female,20.199.78.197
865,Willabella,Carlesi,wcarlesio0@indiatimes.com,Female,25.77.93.205
866,Gavan,Gomery,ggomeryo1@fotki.com,Female,222.83.184.178
867,Nero,Downey,ndowneyo2@w3.org,Male,10.129.214.249
868,Michail,Starling,mstarlingo3@theguardian.com,Female,167.85.116.144
869,Perrine,Spadeck,pspadecko4@wp.com,Female,121.231.116.25
870,Rubetta,Callf,rcallfo5@xing.com,Female,75.150.4.209
871,Julee,Haigh,jhaigho6@reddit.com,Female,221.139.248.99
872,Leonore,Helian,lheliano7@google.cn,Non-binary,172.217.59.105
873,Annamaria,Bonsey,abonseyo8@springer.com,Female,53.179.31.82
874,Greta,Corp,gcorpo9@163.com,Female,66.81.117.158
875,Cecelia,Hercock,chercockoa@phoca.cz,Female,228.223.184.62
876,Gerty,Cuolahan,gcuolahanob@goodreads.com,Female,175.48.255.122
877,Misti,Eiler,meileroc@cdc.gov,Male,45.233.118.150
878,Rodolphe,Beefon,rbeefonod@google.pl,Male,0.50.35.96
879,Hester,Haughin,hhaughinoe@ed.gov,Female,192.136.55.184
880,Jacquetta,Charlotte,jcharlotteof@nyu.edu,Agender,90.124.30.32
881,Zorine,Bollon,zbollonog@sphinn.com,Female,220.218.161.155
882,Max,Diviney,mdivineyoh@bravesites.com,Male,67.42.139.252
883,Cayla,Pavitt,cpavittoi@1688.com,Female,151.74.16.116
884,Chance,Kenworthey,ckenwortheyoj@tmall.com,Genderqueer,137.80.164.112
885,Norrie,Rudgard,nrudgardok@japanpost.jp,Male,1.186.236.44
886,Leif,Tinwell,ltinwellol@unblog.fr,Female,74.118.105.129
887,Barnebas,Fydo,bfydoom@columbia.edu,Non-binary,251.79.221.197
888,Farrel,Whightman,fwhightmanon@jalbum.net,Male,231.161.209.248
889,Galvan,Tomala,gtomalaoo@cloudflare.com,Male,149.142.194.93
890,Terra,Bendall,tbendallop@blogspot.com,Male,43.129.253.151
891,Melamie,Coppock.,mcoppockoq@behance.net,Male,227.130.62.213
892,Ivor,Edmund,iedmundor@omniture.com,Female,156.51.23.19
893,Jarrett,Setch,jsetchos@moonfruit.com,Female,222.225.156.236
894,Roth,Simonato,rsimonatoot@reference.com,Female,225.157.109.190
895,Melisande,Farrears,mfarrearsou@about.me,Female,122.120.186.58
896,Claudie,Georgot,cgeorgotov@tinypic.com,Female,180.12.209.162
897,Barr,Sprakes,bsprakesow@arstechnica.com,Male,133.60.59.51
898,Samson,Timpany,stimpanyox@tamu.edu,Male,236.156.208.5
899,Honey,Le Hucquet,hlehucquetoy@alexa.com,Female,181.28.127.232
900,Renell,Riddington,rriddingtonoz@is.gd,Female,61.242.226.250
901,Teddie,Whaites,twhaitesp0@lulu.com,Female,163.64.64.165
902,Neddy,Gowar,ngowarp1@devhub.com,Male,141.211.248.201
903,Germaine,Barzen,gbarzenp2@goo.gl,Male,81.215.237.142
904,Brigitte,Smy,bsmyp3@mapy.cz,Female,188.34.190.104
905,Morie,Dainton,mdaintonp4@usnews.com,Female,233.70.109.209
906,Wynnie,Bysaker,wbysakerp5@whitehouse.gov,Genderfluid,125.73.210.163
907,Anett,Buggs,abuggsp6@spiegel.de,Male,212.227.75.42
908,Tamma,Dumbleton,tdumbletonp7@barnesandnoble.com,Female,13.212.74.56
909,Gizela,MacKain,gmackainp8@blogs.com,Female,188.149.82.148
910,Sven,Osbaldstone,sosbaldstonep9@washingtonpost.com,Male,227.116.212.67
911,Anne-corinne,Truter,atruterpa@usatoday.com,Male,116.131.227.106
912,Denys,Holston,dholstonpb@addtoany.com,Male,26.5.189.195
913,Krystle,Palffrey,kpalffreypc@odnoklassniki.ru,Female,64.136.123.251
914,Horst,McCann,hmccannpd@yahoo.co.jp,Male,47.81.233.89
915,Dannye,Spancock,dspancockpe@unblog.fr,Male,47.27.75.98
916,Glenden,Rutigliano,grutiglianopf@prnewswire.com,Male,63.218.10.42
917,Douglas,Gladeche,dgladechepg@ebay.com,Male,113.104.156.84
918,Loni,Ruane,lruaneph@wikimedia.org,Male,106.201.193.58
919,Bibi,Kobke,bkobkepi@senate.gov,Male,190.137.222.55
920,Tresa,Strong,tstrongpj@nih.gov,Female,96.81.79.117
921,Yulma,Oslar,yoslarpk@webnode.com,Male,72.252.237.230
922,Cristy,Willans,cwillanspl@wikispaces.com,Female,243.150.213.112
923,Jessica,Stallard,jstallardpm@foxnews.com,Male,137.251.92.249
924,Lotta,Kop,lkoppn@g.co,Male,127.103.197.251
925,Otes,Sackes,osackespo@yale.edu,Genderqueer,135.244.186.103
926,Danit,Luckey,dluckeypp@bandcamp.com,Male,62.172.242.151
927,Guy,O'Daly,godalypq@google.com.au,Female,219.142.16.218
928,Jae,Trenfield,jtrenfieldpr@prlog.org,Male,82.16.252.68
929,Vivyanne,Gladwin,vgladwinps@gnu.org,Agender,148.192.215.75
930,Malena,Tolossi,mtolossipt@drupal.org,Male,77.131.42.229
931,Elden,Toderini,etoderinipu@dedecms.com,Female,192.4.123.236
932,Ardith,Halleday,ahalledaypv@wiley.com,Male,189.8.12.246
933,Laetitia,Hedgeman,lhedgemanpw@mediafire.com,Female,123.58.245.13
934,Bruno,Curnock,bcurnockpx@dagondesign.com,Male,73.137.109.187
935,Zack,Ritchings,zritchingspy@devhub.com,Male,15.173.204.165
936,Idelle,Brown,ibrownpz@artisteer.com,Male,221.45.186.154
937,Leighton,Bentjens,lbentjensq0@jimdo.com,Female,128.189.178.223
938,Erasmus,Labrom,elabromq1@altervista.org,Female,179.201.28.30
939,Barrie,Benedit,bbeneditq2@i2i.jp,Female,203.225.142.51
940,Carlie,Pearce,cpearceq3@sphinn.com,Male,173.77.234.202
941,Tobe,Middas,tmiddasq4@so-net.ne.jp,Male,118.158.152.94
942,Nancie,Corten,ncortenq5@simplemachines.org,Male,240.101.133.100
943,Huntlee,Dukes,hdukesq6@chronoengine.com,Male,31.184.149.185
944,Kippie,Greguol,kgreguolq7@51.la,Male,205.114.75.245
945,Elisabetta,Pawsey,epawseyq8@thetimes.co.uk,Male,141.35.62.24
946,Vanni,Ickovici,vickoviciq9@phoca.cz,Female,189.7.193.149
947,Clemens,Dare,cdareqa@java.com,Male,138.23.244.153
948,Anestassia,Cahillane,acahillaneqb@amazon.de,Female,57.160.71.190
949,Maurita,Craine,mcraineqc@virginia.edu,Male,20.237.91.151
950,Durant,Walework,dwaleworkqd@webs.com,Female,85.155.109.127
951,Lorena,Mathivat,lmathivatqe@webmd.com,Female,193.235.124.229
952,Hatti,Law,hlawqf@indiegogo.com,Male,31.245.62.77
953,Aube,Shrubshall,ashrubshallqg@webeden.co.uk,Female,221.21.56.169
954,Simone,Moro,smoroqh@buzzfeed.com,Female,44.185.108.57
955,Elsy,Rosenstein,erosensteinqi@nps.gov,Female,128.194.23.8
956,Zahara,Williment,zwillimentqj@columbia.edu,Female,160.223.119.181
957,Eddi,Kirwin,ekirwinqk@qq.com,Female,36.69.65.39
958,Stanfield,Sukbhans,ssukbhansql@elpais.com,Female,133.91.174.184
959,Bone,Pargent,bpargentqm@ebay.com,Male,72.33.153.214
960,Dyana,Hourahan,dhourahanqn@hhs.gov,Female,130.31.98.66
961,Daryle,Jordi,djordiqo@ox.ac.uk,Bigender,209.179.81.14
962,Caril,Broadfoot,cbroadfootqp@privacy.gov.au,Male,49.217.43.19
963,Noelle,Wey,nweyqq@time.com,Male,82.82.252.128
964,Rivy,MacRierie,rmacrierieqr@businessinsider.com,Female,160.220.28.37
965,Fowler,O'Dowling,fodowlingqs@mtv.com,Male,27.37.70.34
966,Merlina,Vineall,mvineallqt@google.it,Female,200.77.81.29
967,Dewie,Aubray,daubrayqu@networkadvertising.org,Male,211.225.53.134
968,Iggie,Crips,icripsqv@123-reg.co.uk,Female,64.120.246.143
969,Luther,Ivanusyev,livanusyevqw@phoca.cz,Female,250.198.24.49
970,Casi,Nitto,cnittoqx@slideshare.net,Male,22.149.69.5
971,Garwin,Mountford,gmountfordqy@eepurl.com,Male,108.242.141.158
972,Arlyn,Writer,awriterqz@tinypic.com,Female,131.8.87.191
973,Bobette,Iacomo,biacomor0@privacy.gov.au,Male,68.135.62.192
974,Mame,MacShane,mmacshaner1@tumblr.com,Female,136.132.55.42
975,Petra,Merrifield,pmerrifieldr2@google.de,Female,69.106.168.232
976,Lacy,Cocker,lcockerr3@cisco.com,Female,45.223.25.154
977,Sandie,Baxstar,sbaxstarr4@123-reg.co.uk,Genderfluid,76.74.161.205
978,Melonie,Butterfield,mbutterfieldr5@reference.com,Female,125.162.190.137
979,Kingsley,Ranyard,kranyardr6@dot.gov,Female,200.248.67.34
980,Carin,Stairs,cstairsr7@stumbleupon.com,Female,173.63.0.12
981,Tera,Drees,tdreesr8@huffingtonpost.com,Female,115.100.141.21
982,Liane,Glyssanne,lglyssanner9@mtv.com,Male,22.7.173.137
983,Chic,Brill,cbrillra@slideshare.net,Male,54.151.70.173
984,Aarika,Birtwhistle,abirtwhistlerb@cocolog-nifty.com,Bigender,207.33.84.95
985,Alvie,Franceschelli,afranceschellirc@meetup.com,Genderfluid,155.154.52.141
986,Melessa,Foss,mfossrd@pcworld.com,Male,16.12.186.134
987,Julietta,Cokly,jcoklyre@xrea.com,Male,19.112.48.160
988,Elbert,McMeanma,emcmeanmarf@nature.com,Female,201.54.63.150
989,Barri,Daskiewicz,bdaskiewiczrg@disqus.com,Male,182.43.22.190
990,Becka,Sumner,bsumnerrh@tumblr.com,Female,131.211.132.74
991,Gwenny,Figurski,gfigurskiri@hostgator.com,Male,74.40.65.220
992,Carlina,Pike,cpikerj@51.la,Male,112.92.248.108
993,Jess,Jehu,jjehurk@ifeng.com,Male,100.51.30.219
994,Ado,Ghidetti,aghidettirl@tinypic.com,Male,236.47.157.71
995,Lynette,Hanwright,lhanwrightrm@nih.gov,Female,183.84.233.55
996,Jaime,Snalham,jsnalhamrn@soup.io,Polygender,165.228.190.120
997,Esmaria,Regnard,eregnardro@imdb.com,Male,53.81.82.177
998,Allissa,Ivel,aivelrp@dell.com,Female,30.167.64.75
999,Leodora,Bradwell,lbradwellrq@shutterfly.com,Female,196.8.121.231
1000,Nani,Tartt,ntarttrr@imageshack.us,Male,123.185.21.73
